{
  "v": "5.12.1",
  "fr": 60,
  "ip": 0,
  "op": 59,
  "w": 84,
  "h": 84,
  "nm": "音量 2",
  "ddd": 0,
  "assets": [],
  "layers": [
    {
      "ddd": 0,
      "ind": 1,
      "ty": 4,
      "nm": "小",
      "sr": 1,
      "ks": {
        "o": {
          "a": 1,
          "k": [
            {
              "i": { "x": [0.667], "y": [0.731] },
              "o": { "x": [0.296], "y": [0] },
              "t": 1,
              "s": [100]
            },
            {
              "i": { "x": [0.81], "y": [1] },
              "o": { "x": [0.429], "y": [-0.259] },
              "t": 21,
              "s": [0]
            },
            {
              "i": { "x": [0.667], "y": [1] },
              "o": { "x": [0.333], "y": [0] },
              "t": 36,
              "s": [100]
            },
            { "t": 59, "s": [100] }
          ],
          "ix": 11
        },
        "r": { "a": 0, "k": 0, "ix": 10 },
        "p": { "a": 0, "k": [56.258, 41.965, 0], "ix": 2, "l": 2 },
        "a": { "a": 0, "k": [0, 0, 0], "ix": 1, "l": 2 },
        "s": { "a": 0, "k": [100, 100, 100], "ix": 6, "l": 2 }
      },
      "ao": 0,
      "shapes": [
        {
          "ty": "gr",
          "it": [
            {
              "ind": 0,
              "ty": "sh",
              "ix": 1,
              "ks": {
                "a": 0,
                "k": {
                  "i": [
                    [-0.677, 1.681],
                    [-1.681, -0.677],
                    [0, -7.852],
                    [6.558, -2.642],
                    [0.677, 1.681],
                    [-1.681, 0.677],
                    [0, 5.625],
                    [3.681, 1.483]
                  ],
                  "o": [
                    [0.677, -1.681],
                    [6.558, 2.642],
                    [0, 7.852],
                    [-1.681, 0.677],
                    [-0.677, -1.681],
                    [3.681, -1.483],
                    [0, -5.625],
                    [-1.681, -0.677]
                  ],
                  "v": [
                    [-7.444, -15.751],
                    [-3.174, -17.569],
                    [7.682, 0],
                    [-3.174, 17.569],
                    [-7.444, 15.751],
                    [-5.626, 11.481],
                    [1.12, 0],
                    [-5.626, -11.481]
                  ],
                  "c": true
                },
                "ix": 2
              },
              "nm": "路径 1",
              "mn": "ADBE Vector Shape - Group",
              "hd": false
            },
            {
              "ty": "fl",
              "c": { "a": 0, "k": [0.407843137255, 0.254901960784, 0.917647058824, 1], "ix": 4 },
              "o": { "a": 0, "k": 100, "ix": 5 },
              "r": 1,
              "bm": 0,
              "nm": "填充 1",
              "mn": "ADBE Vector Graphic - Fill",
              "hd": false
            },
            {
              "ty": "tr",
              "p": { "a": 0, "k": [0, 0], "ix": 2 },
              "a": { "a": 0, "k": [0, 0], "ix": 1 },
              "s": { "a": 0, "k": [100, 100], "ix": 3 },
              "r": { "a": 0, "k": 0, "ix": 6 },
              "o": { "a": 0, "k": 100, "ix": 7 },
              "sk": { "a": 0, "k": 0, "ix": 4 },
              "sa": { "a": 0, "k": 0, "ix": 5 },
              "nm": "变换"
            }
          ],
          "nm": "小",
          "np": 2,
          "cix": 2,
          "bm": 0,
          "ix": 1,
          "mn": "ADBE Vector Group",
          "hd": false
        }
      ],
      "ip": 0,
      "op": 300,
      "st": 0,
      "ct": 1,
      "bm": 0
    },
    {
      "ddd": 0,
      "ind": 2,
      "ty": 4,
      "nm": "大",
      "sr": 1,
      "ks": {
        "o": {
          "a": 1,
          "k": [
            {
              "i": { "x": [0.667], "y": [0.852] },
              "o": { "x": [0.333], "y": [0] },
              "t": 0,
              "s": [100]
            },
            {
              "i": { "x": [0.667], "y": [1] },
              "o": { "x": [0.333], "y": [-12.962] },
              "t": 14.09,
              "s": [0]
            },
            {
              "i": { "x": [0.667], "y": [12.184] },
              "o": { "x": [0.333], "y": [0] },
              "t": 26.418,
              "s": [0]
            },
            {
              "i": { "x": [0.833], "y": [1] },
              "o": { "x": [0.333], "y": [-0.12] },
              "t": 37.045,
              "s": [0]
            },
            {
              "i": { "x": [0.667], "y": [1] },
              "o": { "x": [0.163], "y": [0] },
              "t": 48.434,
              "s": [100]
            },
            { "t": 59, "s": [100] }
          ],
          "ix": 11
        },
        "r": { "a": 0, "k": 0, "ix": 10 },
        "p": { "a": 0, "k": [67.875, 41.965, 0], "ix": 2, "l": 2 },
        "a": { "a": 0, "k": [0, 0, 0], "ix": 1, "l": 2 },
        "s": { "a": 0, "k": [100, 100, 100], "ix": 6, "l": 2 }
      },
      "ao": 0,
      "shapes": [
        {
          "ty": "gr",
          "it": [
            {
              "ind": 0,
              "ty": "sh",
              "ix": 1,
              "ks": {
                "a": 0,
                "k": {
                  "i": [
                    [10.673, 4.44],
                    [0.696, -1.673],
                    [-1.673, -0.696],
                    [0, -11.475],
                    [7.758, -3.228],
                    [-0.696, -1.673],
                    [-1.673, 0.696],
                    [0, 13.579]
                  ],
                  "o": [
                    [-1.673, -0.696],
                    [-0.696, 1.673],
                    [7.758, 3.228],
                    [0, 11.475],
                    [-1.673, 0.696],
                    [0.696, 1.673],
                    [10.673, -4.44],
                    [0, -13.579]
                  ],
                  "v": [
                    [-6.66, -30.031],
                    [-10.95, -28.262],
                    [-9.181, -23.972],
                    [4.64, 0],
                    [-9.181, 23.972],
                    [-10.95, 28.262],
                    [-6.66, 30.031],
                    [11.203, 0]
                  ],
                  "c": true
                },
                "ix": 2
              },
              "nm": "路径 1",
              "mn": "ADBE Vector Shape - Group",
              "hd": false
            },
            {
              "ty": "fl",
              "c": { "a": 0, "k": [0.407843137255, 0.254901960784, 0.917647058824, 1], "ix": 4 },
              "o": { "a": 0, "k": 100, "ix": 5 },
              "r": 1,
              "bm": 0,
              "nm": "填充 1",
              "mn": "ADBE Vector Graphic - Fill",
              "hd": false
            },
            {
              "ty": "tr",
              "p": { "a": 0, "k": [0, 0], "ix": 2 },
              "a": { "a": 0, "k": [0, 0], "ix": 1 },
              "s": { "a": 0, "k": [100, 100], "ix": 3 },
              "r": { "a": 0, "k": 0, "ix": 6 },
              "o": { "a": 0, "k": 100, "ix": 7 },
              "sk": { "a": 0, "k": 0, "ix": 4 },
              "sa": { "a": 0, "k": 0, "ix": 5 },
              "nm": "变换"
            }
          ],
          "nm": "大",
          "np": 2,
          "cix": 2,
          "bm": 0,
          "ix": 1,
          "mn": "ADBE Vector Group",
          "hd": false
        }
      ],
      "ip": 0,
      "op": 300,
      "st": 0,
      "ct": 1,
      "bm": 0
    },
    {
      "ddd": 0,
      "ind": 3,
      "ty": 4,
      "nm": "Union",
      "sr": 1,
      "ks": {
        "o": { "a": 0, "k": 100, "ix": 11 },
        "r": { "a": 0, "k": 0, "ix": 10 },
        "p": { "a": 0, "k": [24.75, 42.355, 0], "ix": 2, "l": 2 },
        "a": { "a": 0, "k": [0, 0, 0], "ix": 1, "l": 2 },
        "s": { "a": 0, "k": [100, 100, 100], "ix": 6, "l": 2 }
      },
      "ao": 0,
      "shapes": [
        {
          "ty": "gr",
          "it": [
            {
              "ind": 0,
              "ty": "sh",
              "ix": 1,
              "ks": {
                "a": 0,
                "k": {
                  "i": [
                    [0, 0],
                    [4.05, -4.396],
                    [0, 0],
                    [0, 0],
                    [0, -5.437],
                    [0, 0],
                    [-5.437, 0],
                    [0, 0],
                    [0, 0],
                    [0, 5.861]
                  ],
                  "o": [
                    [0, -5.977],
                    [0, 0],
                    [0, 0],
                    [-5.437, 0],
                    [0, 0],
                    [0, 5.437],
                    [0, 0],
                    [0, 0],
                    [4.125, 4.164],
                    [0, 0]
                  ],
                  "v": [
                    [19.828, -23.31],
                    [8.438, -27.756],
                    [-3.277, -15.038],
                    [-9.984, -15.038],
                    [-19.828, -5.195],
                    [-19.828, 6.166],
                    [-9.984, 16.01],
                    [-3.206, 16.01],
                    [8.603, 27.929],
                    [19.828, 23.31]
                  ],
                  "c": true
                },
                "ix": 2
              },
              "nm": "路径 1",
              "mn": "ADBE Vector Shape - Group",
              "hd": false
            },
            {
              "ind": 1,
              "ty": "sh",
              "ix": 2,
              "ks": {
                "a": 0,
                "k": {
                  "i": [
                    [-0.621, 0.674],
                    [0, 0],
                    [0, 0],
                    [0, 0],
                    [0.876, 0],
                    [0, 0],
                    [0, 1.812],
                    [0, 0],
                    [-1.812, 0],
                    [0, 0]
                  ],
                  "o": [
                    [0, 0],
                    [0, 0],
                    [0, 0],
                    [-0.616, -0.622],
                    [0, 0],
                    [-1.812, 0],
                    [0, 0],
                    [0, -1.812],
                    [0, 0],
                    [0.917, 0]
                  ],
                  "v": [
                    [0.576, -9.534],
                    [13.265, -23.31],
                    [13.265, 23.31],
                    [0.493, 10.419],
                    [-1.838, 9.447],
                    [-9.984, 9.447],
                    [-13.265, 6.166],
                    [-13.265, -5.195],
                    [-9.984, -8.476],
                    [-1.838, -8.476]
                  ],
                  "c": true
                },
                "ix": 2
              },
              "nm": "路径 2",
              "mn": "ADBE Vector Shape - Group",
              "hd": false
            },
            {
              "ty": "mm",
              "mm": 1,
              "nm": "合并路径 1",
              "mn": "ADBE Vector Filter - Merge",
              "hd": false
            },
            {
              "ty": "fl",
              "c": { "a": 0, "k": [0.407843137255, 0.254901960784, 0.917647058824, 1], "ix": 4 },
              "o": { "a": 0, "k": 100, "ix": 5 },
              "r": 1,
              "bm": 0,
              "nm": "填充 1",
              "mn": "ADBE Vector Graphic - Fill",
              "hd": false
            },
            {
              "ty": "tr",
              "p": { "a": 0, "k": [0, 0], "ix": 2 },
              "a": { "a": 0, "k": [0, 0], "ix": 1 },
              "s": { "a": 0, "k": [100, 100], "ix": 3 },
              "r": { "a": 0, "k": 0, "ix": 6 },
              "o": { "a": 0, "k": 100, "ix": 7 },
              "sk": { "a": 0, "k": 0, "ix": 4 },
              "sa": { "a": 0, "k": 0, "ix": 5 },
              "nm": "变换"
            }
          ],
          "nm": "Union",
          "np": 4,
          "cix": 2,
          "bm": 0,
          "ix": 1,
          "mn": "ADBE Vector Group",
          "hd": false
        }
      ],
      "ip": 0,
      "op": 300,
      "st": 0,
      "ct": 1,
      "bm": 0
    }
  ],
  "markers": [],
  "props": {}
}
